{"cameraMode":{"drawMode":0,"name":"Shaded","section":"Shading Mode"},"sceneLighting":true,"audioPlay":false,"sceneViewState":{"showFog":true,"showMaterialUpdate":false,"showSkybox":true,"showFlares":true,"showImageEffects":true,"showParticleSystems":true},"in2DMode":false,"pivot":{"x":27.26532554626465,"y":-11.62890625,"z":-0.75360107421875},"rotation":{"x":0.7102811932563782,"y":1.3906104046057522e-9,"z":-3.4800167192372557e-9,"w":0.7039176225662231},"size":27.906980514526368,"orthographic":true}